observation_date,FRGSHPUSM649NCIS
1990-01-01,1.000
1990-02-01,0.999
1990-03-01,1.000
1990-04-01,0.979
1990-05-01,0.973
1990-06-01,0.966
1990-07-01,0.933
1990-08-01,0.981
1990-09-01,0.996
1990-10-01,1.005
1990-11-01,1.004
1990-12-01,0.927
1991-01-01,0.897
1991-02-01,0.913
1991-03-01,0.932
1991-04-01,0.933
1991-05-01,0.908
1991-06-01,0.927
1991-07-01,0.896
1991-08-01,0.893
1991-09-01,0.925
1991-10-01,0.936
1991-11-01,0.920
1991-12-01,0.898
1992-01-01,0.877
1992-02-01,0.928
1992-03-01,0.923
1992-04-01,0.918
1992-05-01,0.873
1992-06-01,0.901
1992-07-01,0.856
1992-08-01,0.897
1992-09-01,0.905
1992-10-01,0.928
1992-11-01,0.932
1992-12-01,0.917
1993-01-01,0.909
1993-02-01,0.950
1993-03-01,0.953
1993-04-01,0.942
1993-05-01,0.933
1993-06-01,0.917
1993-07-01,0.913
1993-08-01,0.930
1993-09-01,0.951
1993-10-01,0.959
1993-11-01,0.945
1993-12-01,0.950
1994-01-01,0.910
1994-02-01,0.957
1994-03-01,1.009
1994-04-01,0.997
1994-05-01,0.985
1994-06-01,1.038
1994-07-01,1.011
1994-08-01,1.009
1994-09-01,1.050
1994-10-01,1.045
1994-11-01,1.085
1994-12-01,1.032
1995-01-01,1.054
1995-02-01,1.019
1995-03-01,1.051
1995-04-01,1.071
1995-05-01,1.064
1995-06-01,1.040
1995-07-01,1.008
1995-08-01,1.016
1995-09-01,1.012
1995-10-01,1.037
1995-11-01,1.012
1995-12-01,1.013
1996-01-01,1.014
1996-02-01,1.033
1996-03-01,1.027
1996-04-01,1.063
1996-05-01,1.028
1996-06-01,1.017
1996-07-01,1.044
1996-08-01,1.045
1996-09-01,1.092
1996-10-01,1.072
1996-11-01,1.048
1996-12-01,1.040
1997-01-01,1.016
1997-02-01,1.032
1997-03-01,1.049
1997-04-01,1.077
1997-05-01,1.013
1997-06-01,1.015
1997-07-01,1.055
1997-08-01,1.083
1997-09-01,1.214
1997-10-01,1.136
1997-11-01,1.112
1997-12-01,1.101
1998-01-01,1.097
1998-02-01,1.245
1998-03-01,1.153
1998-04-01,1.142
1998-05-01,1.043
1998-06-01,1.018
1998-07-01,1.026
1998-08-01,1.027
1998-09-01,1.016
1998-10-01,1.077
1998-11-01,1.130
1998-12-01,1.070
1999-01-01,1.055
1999-02-01,1.070
1999-03-01,1.054
1999-04-01,1.083
1999-05-01,1.038
1999-06-01,1.053
1999-07-01,1.041
1999-08-01,1.012
1999-09-01,1.036
1999-10-01,1.045
1999-11-01,1.101
1999-12-01,1.075
2000-01-01,1.134
2000-02-01,1.112
2000-03-01,1.142
2000-04-01,1.102
2000-05-01,1.103
2000-06-01,1.141
2000-07-01,1.052
2000-08-01,1.157
2000-09-01,1.183
2000-10-01,1.160
2000-11-01,1.101
2000-12-01,0.948
2001-01-01,1.069
2001-02-01,1.020
2001-03-01,1.049
2001-04-01,0.994
2001-05-01,1.075
2001-06-01,1.022
2001-07-01,1.045
2001-08-01,0.991
2001-09-01,0.999
2001-10-01,1.057
2001-11-01,0.979
2001-12-01,0.966
2002-01-01,0.937
2002-02-01,0.935
2002-03-01,0.946
2002-04-01,0.978
2002-05-01,0.967
2002-06-01,0.989
2002-07-01,1.062
2002-08-01,1.032
2002-09-01,1.049
2002-10-01,0.999
2002-11-01,0.943
2002-12-01,0.898
2003-01-01,0.940
2003-02-01,0.948
2003-03-01,1.035
2003-04-01,0.966
2003-05-01,0.989
2003-06-01,1.016
2003-07-01,1.062
2003-08-01,1.060
2003-09-01,1.086
2003-10-01,1.088
2003-11-01,1.072
2003-12-01,1.029
2004-01-01,1.019
2004-02-01,1.131
2004-03-01,1.169
2004-04-01,1.142
2004-05-01,1.193
2004-06-01,1.249
2004-07-01,1.175
2004-08-01,1.292
2004-09-01,1.316
2004-10-01,1.298
2004-11-01,1.292
2004-12-01,1.232
2005-01-01,1.229
2005-02-01,1.321
2005-03-01,1.303
2005-04-01,1.228
2005-05-01,1.219
2005-06-01,1.233
2005-07-01,1.244
2005-08-01,1.244
2005-09-01,1.277
2005-10-01,1.257
2005-11-01,1.237
2005-12-01,1.256
2006-01-01,1.286
2006-02-01,1.254
2006-03-01,1.280
2006-04-01,1.288
2006-05-01,1.329
2006-06-01,1.347
2006-07-01,1.289
2006-08-01,1.345
2006-09-01,1.312
2006-10-01,1.240
2006-11-01,1.208
2006-12-01,1.161
2007-01-01,1.171
2007-02-01,1.196
2007-03-01,1.258
2007-04-01,1.259
2007-05-01,1.278
2007-06-01,1.310
2007-07-01,1.259
2007-08-01,1.271
2007-09-01,1.295
2007-10-01,1.264
2007-11-01,1.256
2007-12-01,1.173
2008-01-01,1.129
2008-02-01,1.134
2008-03-01,1.160
2008-04-01,1.171
2008-05-01,1.162
2008-06-01,1.166
2008-07-01,1.096
2008-08-01,1.127
2008-09-01,1.080
2008-10-01,1.050
2008-11-01,1.028
2008-12-01,0.902
2009-01-01,0.851
2009-02-01,0.938
2009-03-01,0.905
2009-04-01,0.878
2009-05-01,0.913
2009-06-01,0.933
2009-07-01,0.928
2009-08-01,0.940
2009-09-01,0.966
2009-10-01,0.921
2009-11-01,0.947
2009-12-01,0.919
2010-01-01,0.899
2010-02-01,0.930
2010-03-01,0.974
2010-04-01,0.991
2010-05-01,1.014
2010-06-01,1.106
2010-07-01,1.011
2010-08-01,1.095
2010-09-01,1.116
2010-10-01,1.058
2010-11-01,1.088
2010-12-01,1.049
2011-01-01,1.010
2011-02-01,1.036
2011-03-01,1.108
2011-04-01,1.113
2011-05-01,1.111
2011-06-01,1.165
2011-07-01,1.122
2011-08-01,1.143
2011-09-01,1.200
2011-10-01,1.081
2011-11-01,1.056
2011-12-01,1.056
2012-01-01,1.046
2012-02-01,1.072
2012-03-01,1.094
2012-04-01,1.115
2012-05-01,1.135
2012-06-01,1.150
2012-07-01,1.142
2012-08-01,1.130
2012-09-01,1.155
2012-10-01,1.139
2012-11-01,1.093
2012-12-01,1.071
2013-01-01,1.020
2013-02-01,1.077
2013-03-01,1.140
2013-04-01,1.100
2013-05-01,1.132
2013-06-01,1.133
2013-07-01,1.107
2013-08-01,1.126
2013-09-01,1.156
2013-10-01,1.116
2013-11-01,1.105
2013-12-01,1.037
2014-01-01,1.000
2014-02-01,1.073
2014-03-01,1.144
2014-04-01,1.161
2014-05-01,1.173
2014-06-01,1.201
2014-07-01,1.154
2014-08-01,1.181
2014-09-01,1.164
2014-10-01,1.153
2014-11-01,1.151
2014-12-01,1.078
2015-01-01,1.027
2015-02-01,1.083
2015-03-01,1.086
2015-04-01,1.132
2015-05-01,1.158
2015-06-01,1.160
2015-07-01,1.141
2015-08-01,1.127
2015-09-01,1.146
2015-10-01,1.092
2015-11-01,1.092
2015-12-01,1.038
2016-01-01,0.974
2016-02-01,1.055
2016-03-01,1.070
2016-04-01,1.077
2016-05-01,1.091
2016-06-01,1.110
2016-07-01,1.111
2016-08-01,1.115
2016-09-01,1.111
2016-10-01,1.121
2016-11-01,1.087
2016-12-01,1.074
2017-01-01,1.005
2017-02-01,1.075
2017-03-01,1.080
2017-04-01,1.120
2017-05-01,1.168
2017-06-01,1.163
2017-07-01,1.126
2017-08-01,1.158
2017-09-01,1.147
2017-10-01,1.153
2017-11-01,1.155
2017-12-01,1.151
2018-01-01,1.131
2018-02-01,1.198
2018-03-01,1.209
2018-04-01,1.234
2018-05-01,1.307
2018-06-01,1.247
2018-07-01,1.245
2018-08-01,1.227
2018-09-01,1.241
2018-10-01,1.224
2018-11-01,1.162
2018-12-01,1.142
2019-01-01,1.128
2019-02-01,1.173
2019-03-01,1.197
2019-04-01,1.194
2019-05-01,1.228
2019-06-01,1.181
2019-07-01,1.171
2019-08-01,1.190
2019-09-01,1.199
2019-10-01,1.152
2019-11-01,1.124
2019-12-01,1.052
2020-01-01,1.022
2020-02-01,1.085
2020-03-01,1.087
2020-04-01,0.923
2020-05-01,0.938
2020-06-01,0.971
2020-07-01,1.018
2020-08-01,1.099
2020-09-01,1.177
2020-10-01,1.180
2020-11-01,1.154
2020-12-01,1.122
2021-01-01,1.110
2021-02-01,1.130
2021-03-01,1.196
2021-04-01,1.178
2021-05-01,1.269
2021-06-01,1.231
2021-07-01,1.177
2021-08-01,1.234
2021-09-01,1.184
2021-10-01,1.189
2021-11-01,1.206
2021-12-01,1.208
2022-01-01,1.078
2022-02-01,1.171
2022-03-01,1.203
2022-04-01,1.172
2022-05-01,1.235
2022-06-01,1.203
2022-07-01,1.232
2022-08-01,1.278
2022-09-01,1.241
2022-10-01,1.224
2022-11-01,1.201
2022-12-01,1.161
2023-01-01,1.124
2023-02-01,1.167
2023-03-01,1.155
2023-04-01,1.144
2023-05-01,1.166
2023-06-01,1.147
2023-07-01,1.122
2023-08-01,1.143
2023-09-01,1.163
2023-10-01,1.108
2023-11-01,1.094
2023-12-01,1.077
2024-01-01,1.039
2024-02-01,1.115
2024-03-01,1.113
2024-04-01,1.098
2024-05-01,1.098
2024-06-01,1.078
2024-07-01,1.110
2024-08-01,1.121
2024-09-01,1.102
2024-10-01,1.081
2024-11-01,1.086
2024-12-01,1.007
2025-01-01,0.954
2025-02-01,1.054
2025-03-01,1.054
